region,product,revenue,units_sold,month
Ljubljana,Widget A,13569.65,385,2026-07
Ljubljana,Widget B,10943.86,288,2026-07
Ljubljana,Widget C,9336.15,181,2026-07
Maribor,Widget A,8139.63,226,2026-07
Maribor,Widget B,6098.62,157,2026-07
Maribor,Widget C,5123.03,101,2026-07
Celje,Widget A,5469.19,149,2026-07
Celje,Widget B,3758.53,98,2026-07
Celje,Widget C,3737.78,70,2026-07
Ljubljana,Widget A,15670.25,438,2026-08
Ljubljana,Widget B,12557.81,331,2026-08
Ljubljana,Widget C,10679.46,208,2026-08
Maribor,Widget A,8723.26,248,2026-08
Maribor,Widget B,7153.15,180,2026-08
Maribor,Widget C,5852.51,112,2026-08
Celje,Widget A,6001.7,168,2026-08
Celje,Widget B,4405.32,116,2026-08
Celje,Widget C,3422.53,67,2026-08
Ljubljana,Widget A,17670.89,493,2026-09
Ljubljana,Widget B,12544.07,320,2026-09
Ljubljana,Widget C,10891.56,212,2026-09
Maribor,Widget A,11366.11,312,2026-09
Maribor,Widget B,7678.13,196,2026-09
Maribor,Widget C,7071.67,133,2026-09
Celje,Widget A,6717.43,189,2026-09
Celje,Widget B,5258.67,138,2026-09
Celje,Widget C,4224.18,80,2026-09
